{"stat.leaveGame":8,"stat.mineBlock.13":25,"stat.mineBlock.16":16,"stat.mineBlock.15":7,"stat.mineBlock.18":195,"stat.mineBlock.17":123,"stat.jump":2646,"stat.swimOneCm":69613,"stat.fallOneCm":25467,"stat.climbOneCm":8559,"achievement.exploreAllBiomes":{"value":0,"progress":["ForestHills","Extreme Hills+","River","Forest","Plains","Taiga","Extreme Hills","TaigaHills","Swampland"]},"stat.useItem.175":3,"stat.craftItem.364":2,"stat.craftItem.366":10,"stat.entityKilledBy.Spider":2,"stat.craftItem.5":60,"stat.useItem.338":1,"stat.damageTaken":5760,"stat.mineBlock.4":1,"stat.mineBlock.3":37,"stat.mineBlock.1":45,"stat.flyOneCm":25325,"stat.useItem.50":7,"stat.craftItem.355":1,"stat.killEntity.Witch":1,"stat.entityKilledBy.Zombie":2,"stat.damageDealt":7245,"stat.killEntity.Cow":3,"stat.killEntity.Pig":15,"stat.mineBlock.78":27,"stat.useItem.274":62,"stat.useItem.273":47,"stat.killEntity.Bat":1,"stat.useItem.275":67,"stat.walkOneCm":1858597,"stat.mineBlock.175":4,"stat.entityKilledBy.Skeleton":2,"achievement.mineWood":85,"stat.killEntity.Squid":1,"stat.useItem.39":1,"stat.mineBlock.50":5,"stat.useItem.37":1,"stat.useItem.38":3,"stat.killEntity.Skeleton":1,"stat.craftItem.320":5,"achievement.openInventory":177,"stat.killEntity.Chicken":17,"stat.craftItem.280":24,"stat.killEntity.Spider":3,"stat.mobKills":53,"stat.craftItem.272":4,"stat.craftItem.273":2,"stat.mineBlock.38":11,"stat.useItem.6":8,"stat.craftItem.274":1,"stat.deaths":9,"stat.mineBlock.39":7,"stat.drop":168,"stat.playOneMinute":429448,"stat.craftItem.50":4,"stat.killEntity.Sheep":4,"stat.useItem.4":1,"stat.craftItem.270":1,"stat.useItem.3":21,"stat.killEntity.Zombie":7,"stat.useItem.17":4,"stat.useItem.270":43,"stat.mineBlock.31":136,"stat.diveOneCm":20995,"stat.useItem.272":169}