{"stat.useItem.351":7,"stat.craftItem.345":1,"stat.craftItem.61":1,"stat.leaveGame":9,"stat.craftItem.339":15,"stat.useItem.361":30,"stat.mineBlock.18":123,"stat.mineBlock.17":74,"stat.swimOneCm":37333,"stat.craftItem.333":2,"stat.climbOneCm":12494,"achievement.buildWorkBench":2,"achievement.exploreAllBiomes":{"value":0,"progress":["Extreme Hills+","River","Plains","Taiga","Extreme Hills","Swampland","TaigaHills"]},"stat.craftItem.361":28,"stat.craftItem.364":3,"stat.craftItem.366":4,"stat.craftItem.85":32,"stat.useItem.338":3,"stat.mineBlock.5":7,"stat.mineBlock.111":1,"stat.mineBlock.3":127,"stat.mineBlock.1":42,"stat.mineBlock.6":2,"stat.flyOneCm":15202,"stat.craftItem.351":9,"achievement.buildPickaxe":2,"stat.useItem.107":7,"achievement.buildBetterPickaxe":1,"stat.craftItem.91":1,"stat.craftItem.107":2,"stat.breakItem.290":1,"achievement.breedCow":9,"stat.entityKilledBy.Skeleton":1,"achievement.buildSword":1,"achievement.mineWood":72,"stat.useItem.86":2,"stat.useItem.85":68,"achievement.openInventory":270,"achievement.killEnemy":11,"achievement.buildFurnace":1,"stat.craftItem.58":2,"stat.deaths":2,"stat.drop":149,"stat.playOneMinute":569324,"stat.craftItem.50":8,"stat.killEntity.Zombie":9,"stat.diveOneCm":12248,"achievement.buildHoe":1,"stat.mineBlock.85":37,"stat.mineBlock.86":38,"stat.craftItem.297":63,"stat.jump":1224,"stat.fallOneCm":10074,"stat.craftItem.290":1,"achievement.killCow":2,"achievement.makeBread":108,"stat.useItem.175":4,"stat.useItem.295":431,"stat.boatOneCm":3641,"stat.craftItem.5":316,"stat.damageTaken":3180,"stat.useItem.50":11,"stat.damageDealt":2995,"stat.killEntity.Cow":1,"stat.mineBlock.73":3,"stat.useItem.58":5,"stat.useItem.274":42,"stat.useItem.273":93,"stat.craftItem.263":2,"stat.useItem.275":159,"stat.craftItem.143":64,"stat.walkOneCm":2640035,"stat.animalsBred":18,"stat.craftItem.268":1,"stat.mineBlock.58":5,"stat.mineBlock.50":5,"stat.mineBlock.107":5,"stat.useItem.290":60,"stat.mineBlock.106":2,"stat.useItem.291":14,"stat.useItem.38":9,"stat.useItem.257":4,"stat.killEntity.Chicken":3,"stat.craftItem.280":124,"stat.killEntity.Spider":2,"stat.mobKills":15,"stat.useItem.6":12,"stat.craftItem.395":1,"stat.craftItem.274":1,"stat.mineBlock.39":5,"stat.useItem.4":6,"stat.useItem.5":7,"stat.craftItem.270":1,"stat.useItem.3":111,"stat.useItem.17":13,"stat.useItem.270":1,"stat.mineBlock.31":16,"stat.useItem.272":88}