{"stat.killEntity.EntityHorse":1,"stat.craftItem.61":4,"stat.craftItem.67":4,"stat.leaveGame":10,"stat.craftItem.65":6,"stat.entityKilledBy.Witch":1,"stat.craftItem.336":111,"stat.mineBlock.139":88,"stat.mineBlock.14":12,"stat.mineBlock.13":71,"stat.mineBlock.16":123,"stat.mineBlock.15":122,"stat.mineBlock.18":284,"stat.craftItem.331":9,"stat.mineBlock.17":474,"stat.swimOneCm":187975,"stat.climbOneCm":54637,"stat.craftItem.72":4,"achievement.wrench":1,"achievement.buildWorkBench":12,"stat.craftItem.76":7,"stat.craftItem.324":9,"stat.craftItem.325":3,"achievement.exploreAllBiomes":{"value":0,"progress":["Birch Forest Hills","ForestHills","Roofed Forest","Birch Forest","Plains","TaigaHills","Extreme Hills+","River","Forest","Taiga","Desert","Extreme Hills","Swampland","Hell"]},"stat.mineBlock.12":225,"stat.craftItem.364":5,"stat.mineBlock.4":209,"achievement.diamonds":12,"stat.mineBlock.3":917,"stat.mineBlock.1":4467,"stat.mineBlock.6":26,"stat.flyOneCm":20017,"stat.craftItem.351":18,"achievement.buildPickaxe":85,"stat.killEntity.Witch":1,"achievement.buildBetterPickaxe":85,"achievement.woodenGear":18,"stat.craftItem.20":51,"stat.mineBlock.175":8,"stat.killEntity.Creeper":1,"stat.useItem.324":9,"stat.entityKilledBy.Skeleton":1,"stat.craftItem.33":6,"achievement.buildSword":4,"achievement.mineWood":418,"stat.killEntity.Squid":4,"stat.craftItem.320":10,"stat.breakItem.274":29,"achievement.openInventory":744,"stat.breakItem.273":4,"stat.breakItem.275":2,"stat.mineBlock.152":1,"stat.entityKilledBy.Creeper":2,"achievement.killEnemy":34,"achievement.ironGear":9,"achievement.buildFurnace":5,"stat.craftItem.58":9,"stat.deaths":16,"stat.drop":312,"stat.playOneMinute":2374978,"stat.craftItem.50":676,"stat.killEntity.Sheep":4,"stat.craftItem.54":18,"stat.killEntity.Zombie":14,"stat.diveOneCm":182435,"stat.useItem.65":7,"stat.useItem.67":5,"stat.useItem.61":7,"stat.breakItem.257":2,"stat.mineBlock.81":3,"achievement.straightDown":1,"stat.mineBlock.82":28,"stat.useItem.69":12,"stat.useItem.76":7,"stat.useItem.72":4,"stat.jump":5232,"achievement.stoneGear":18,"stat.fallOneCm":64431,"achievement.killCow":4,"stat.mineBlock.69":11,"stat.craftItem.5":508,"stat.damageTaken":8875,"stat.mineBlock.61":3,"stat.mineBlock.65":1,"stat.mineBlock.67":2,"stat.useItem.54":34,"stat.useItem.50":677,"achievement.chunkDestroyer":1,"stat.entityKilledBy.Zombie":2,"stat.damageDealt":10354,"stat.killEntity.Cow":2,"stat.killEntity.Pig":7,"stat.mineBlock.73":126,"stat.mineBlock.76":4,"stat.useItem.58":10,"stat.useItem.274":4176,"stat.useItem.273":832,"stat.useItem.152":2,"stat.craftItem.263":264,"stat.useItem.275":584,"stat.walkOneCm":5140960,"stat.craftItem.265":155,"stat.craftItem.266":20,"achievement.goldGear":4,"stat.craftItem.139":1008,"stat.mineBlock.58":3,"stat.craftItem.257":6,"stat.mineBlock.50":52,"stat.mineBlock.54":16,"stat.mineBlock.56":12,"stat.useItem.38":1,"stat.killEntity.Skeleton":9,"stat.useItem.257":952,"achievement.portal":4,"stat.useItem.139":619,"stat.craftItem.280":446,"stat.killEntity.Spider":11,"stat.mobKills":54,"stat.mineBlock.21":4,"stat.craftItem.272":1,"stat.craftItem.273":10,"stat.craftItem.274":39,"stat.useItem.6":290,"stat.mineBlock.38":2,"stat.craftItem.275":11,"stat.useItem.12":2,"achievement.acquireIron":21,"stat.craftItem.278":1,"stat.useItem.4":1957,"stat.useItem.3":786,"achievement.diamondGear":2,"stat.useItem.17":11,"stat.mineBlock.31":109,"stat.useItem.272":115}