{"stat.craftItem.340":1,"stat.useItem.355":9,"stat.craftItem.61":2,"stat.craftItem.67":28,"stat.leaveGame":15,"stat.craftItem.65":48,"stat.entityKilledBy.Witch":1,"stat.craftItem.339":3,"stat.mineBlock.14":2,"stat.mineBlock.13":65,"stat.mineBlock.16":354,"stat.mineBlock.15":45,"stat.mineBlock.18":101,"stat.mineBlock.17":258,"stat.swimOneCm":17478,"stat.climbOneCm":324,"stat.craftItem.72":1,"achievement.buildWorkBench":2,"stat.craftItem.325":1,"achievement.exploreAllBiomes":{"value":0,"progress":["ForestHills","Extreme Hills+","River","Forest","Plains","Taiga","Extreme Hills"]},"stat.mineBlock.12":1,"stat.craftItem.366":16,"stat.entityKilledBy.Spider":1,"stat.craftItem.85":2,"stat.mineBlock.4":42,"stat.mineBlock.5":11,"stat.junkFished":4,"stat.mineBlock.3":5079,"stat.mineBlock.1":8752,"stat.craftItem.350":17,"stat.flyOneCm":127083,"stat.craftItem.353":5,"stat.craftItem.355":2,"achievement.buildPickaxe":135,"achievement.buildBetterPickaxe":135,"stat.craftItem.346":1,"stat.killEntity.Bat":3,"stat.mineBlock.175":14,"stat.killEntity.Creeper":2,"stat.entityKilledBy.Skeleton":3,"achievement.buildSword":17,"achievement.mineWood":219,"stat.killEntity.Squid":1,"stat.breakItem.270":1,"stat.craftItem.320":27,"stat.breakItem.272":2,"stat.useItem.85":2,"stat.breakItem.274":70,"achievement.openInventory":268,"stat.breakItem.273":37,"stat.breakItem.275":2,"achievement.killEnemy":50,"stat.craftItem.58":2,"stat.deaths":10,"stat.drop":338,"stat.playOneMinute":1000477,"stat.craftItem.50":60,"stat.killEntity.Sheep":12,"stat.craftItem.54":1,"stat.killEntity.Zombie":35,"stat.fishCaught":19,"stat.diveOneCm":13198,"stat.useItem.67":27,"stat.useItem.61":2,"achievement.buildHoe":1,"stat.craftItem.297":15,"stat.useItem.72":1,"stat.jump":3587,"stat.fallOneCm":43540,"stat.craftItem.291":1,"achievement.makeBread":30,"stat.mineBlock.97":5,"stat.useItem.295":40,"stat.craftItem.5":744,"stat.damageTaken":9415,"stat.mineBlock.61":1,"stat.mineBlock.67":1,"stat.useItem.54":1,"stat.useItem.50":158,"stat.entityKilledBy.Zombie":4,"stat.damageDealt":18000,"stat.killEntity.Silverfish":8,"stat.killEntity.Pig":16,"stat.useItem.58":7,"stat.mineBlock.78":27,"stat.useItem.274":9327,"stat.useItem.273":5041,"stat.craftItem.263":2,"stat.useItem.275":274,"stat.walkOneCm":3947325,"stat.craftItem.265":48,"stat.craftItem.386":1,"stat.craftItem.266":2,"stat.treasureFished":1,"stat.mineBlock.58":6,"stat.craftItem.257":1,"stat.mineBlock.50":29,"stat.useItem.37":2,"stat.killEntity.Skeleton":7,"stat.useItem.257":21,"stat.killEntity.Chicken":18,"stat.craftItem.280":556,"stat.craftItem.281":4,"stat.craftItem.282":1,"stat.killEntity.Spider":4,"stat.mobKills":108,"stat.craftItem.272":10,"stat.craftItem.273":51,"stat.craftItem.274":71,"stat.mineBlock.38":1,"stat.mineBlock.37":6,"stat.craftItem.275":1,"stat.mineBlock.39":10,"stat.entityKilledBy.Silverfish":1,"stat.useItem.4":382,"stat.useItem.5":61,"stat.craftItem.270":1,"stat.useItem.3":42,"stat.useItem.17":3,"stat.useItem.270":60,"stat.mineBlock.31":286,"stat.useItem.272":307}