{"stat.leaveGame":61,"stat.mineBlock.134":1,"stat.mineBlock.139":17,"stat.mineBlock.14":10,"stat.mineBlock.13":85,"stat.mineBlock.16":242,"stat.mineBlock.15":108,"stat.mineBlock.18":202,"stat.mineBlock.17":155,"stat.mineBlock.143":1,"stat.mineBlock.12":285,"stat.mineBlock.111":2,"stat.killEntity.Enderman":5,"achievement.buildPickaxe":111,"achievement.buildBetterPickaxe":110,"achievement.woodenGear":6,"stat.mineBlock.126":49,"achievement.breedCow":9,"stat.entityKilledBy.Blitz":1,"stat.mineBlock.175":165,"achievement.mineWood":177,"stat.useItem.87":12,"stat.useItem.85":78,"achievement.openInventory":947,"stat.mineBlock.154":1,"stat.mineBlock.152":1,"stat.mineBlock.153":16,"stat.deaths":20,"stat.playOneMinute":3819096,"stat.fallOneCm":126911,"achievement.killCow":10,"stat.craftItem.1":16,"stat.craftItem.5":960,"achievement.combustionEngine":1,"achievement.redstoneEngine":1,"stat.entityKilledBy.Enderman":2,"stat.useItem.6":132,"achievement.acquireIron":31,"stat.useItem.4":2267,"stat.useItem.5":288,"stat.useItem.3":1910,"stat.useItem.351":120,"stat.craftItem.69":5,"stat.useItem.355":3,"stat.craftItem.101":16,"stat.craftItem.102":48,"stat.craftItem.61":3,"stat.craftItem.67":188,"stat.craftItem.65":105,"stat.entityKilledBy.Witch":2,"stat.craftItem.336":168,"stat.craftItem.339":84,"stat.useItem.361":2,"stat.craftItem.331":45,"stat.swimOneCm":85032,"stat.useItem.126":213,"stat.climbOneCm":219171,"stat.craftItem.72":6,"achievement.buildWorkBench":4,"stat.craftItem.76":1,"stat.craftItem.324":7,"stat.craftItem.325":4,"achievement.exploreAllBiomes":{"value":0,"progress":["Birch Forest Hills","ForestHills","Roofed Forest","Birch Forest","Plains","TaigaHills","Extreme Hills+","River","Forest","Taiga","Desert","Extreme Hills","Swampland","Hell"]},"stat.craftItem.364":32,"stat.craftItem.366":1,"stat.craftItem.85":70,"stat.useItem.338":44,"stat.mineBlock.4":526,"stat.mineBlock.5":59,"stat.mineBlock.3":4333,"stat.mineBlock.1":6810,"stat.craftItem.80":12,"stat.mineBlock.6":6,"stat.flyOneCm":607160,"stat.craftItem.351":102,"stat.useItem.102":35,"stat.useItem.107":4,"stat.craftItem.107":2,"stat.killEntity.Bat":5,"stat.craftItem.20":73,"stat.killEntity.Creeper":5,"stat.killEntity.Blitz":2,"stat.useItem.324":17,"stat.useItem.323":13,"stat.entityKilledBy.Skeleton":4,"stat.craftItem.33":7,"achievement.buildSword":10,"stat.breakItem.270":1,"stat.craftItem.320":8,"stat.breakItem.272":2,"stat.craftItem.323":3,"stat.breakItem.274":56,"stat.breakItem.273":25,"stat.breakItem.275":3,"stat.entityKilledBy.Creeper":5,"achievement.killEnemy":115,"achievement.ironGear":2,"achievement.buildFurnace":5,"stat.craftItem.58":3,"stat.drop":494,"stat.craftItem.50":1148,"stat.breakItem.269":2,"stat.craftItem.54":48,"stat.killEntity.Zombie":63,"stat.diveOneCm":201705,"stat.useItem.65":93,"stat.useItem.67":240,"stat.useItem.61":15,"achievement.buildHoe":1,"stat.breakItem.256":3,"stat.breakItem.257":3,"stat.mineBlock.82":59,"stat.mineBlock.85":23,"stat.mineBlock.87":59,"stat.useItem.69":13,"stat.mineBlock.86":18,"stat.useItem.76":21,"stat.craftItem.297":151,"stat.useItem.72":6,"stat.jump":16111,"achievement.stoneGear":2,"stat.craftItem.291":1,"achievement.makeBread":302,"stat.mineBlock.69":13,"stat.useItem.295":396,"stat.damageTaken":17580,"stat.mineBlock.61":15,"stat.mineBlock.65":7,"stat.mineBlock.67":54,"stat.useItem.49":11,"stat.useItem.54":99,"stat.useItem.50":1466,"stat.entityKilledBy.Zombie":1,"stat.damageDealt":33237,"stat.killEntity.Cow":14,"stat.killEntity.Pig":2,"stat.mineBlock.76":18,"stat.useItem.58":16,"stat.useItem.274":7547,"stat.useItem.20":70,"stat.useItem.273":3319,"stat.craftItem.263":198,"stat.useItem.275":464,"stat.craftItem.143":2,"stat.useItem.154":2,"stat.walkOneCm":17791869,"stat.craftItem.265":145,"stat.craftItem.266":28,"stat.animalsBred":11,"stat.playerKills":3,"stat.craftItem.389":1,"stat.craftItem.259":1,"stat.craftItem.139":288,"achievement.stirlingEngine":2,"stat.mineBlock.58":15,"stat.craftItem.134":4,"stat.craftItem.256":4,"stat.craftItem.257":7,"stat.mineBlock.102":1,"stat.mineBlock.50":120,"stat.craftItem.126":216,"stat.killEntity.Basalz":1,"stat.mineBlock.107":2,"stat.mineBlock.54":53,"stat.useItem.291":69,"stat.useItem.37":6,"stat.killEntity.Skeleton":21,"stat.useItem.256":960,"stat.useItem.134":4,"stat.useItem.137":3,"stat.useItem.257":789,"stat.useItem.139":188,"stat.useItem.259":1,"stat.killEntity.Chicken":1,"stat.craftItem.280":864,"stat.killEntity.Spider":22,"achievement.buildBetterFurnace":3,"stat.mobKills":145,"stat.mineBlock.21":3,"stat.mineBlock.20":9,"stat.craftItem.272":1,"stat.craftItem.273":18,"stat.craftItem.152":73,"stat.craftItem.274":64,"stat.mineBlock.38":4,"stat.mineBlock.37":6,"stat.craftItem.275":8,"stat.useItem.12":71,"stat.useItem.143":3,"stat.craftItem.154":1,"stat.useItem.269":125,"stat.useItem.389":2,"stat.craftItem.270":1,"stat.craftItem.269":2,"stat.useItem.17":2,"stat.useItem.270":45,"stat.mineBlock.31":2696,"stat.useItem.272":352}